for master_1
for child2
child2_1
child2_2
child2_3
for child3
child3_1
child3_2
child3_3
for slave1_1

drop and create databases
connection master_1;
DROP DATABASE IF EXISTS auto_test_local;
CREATE DATABASE auto_test_local;
USE auto_test_local;
connection slave1_1;
DROP DATABASE IF EXISTS auto_test_local;
CREATE DATABASE auto_test_local;
USE auto_test_local;
connection child2_1;
DROP DATABASE IF EXISTS auto_test_remote;
CREATE DATABASE auto_test_remote;
USE auto_test_remote;
connection child2_2;
DROP DATABASE IF EXISTS auto_test_remote2;
CREATE DATABASE auto_test_remote2;
USE auto_test_remote2;

test select 1
connection master_1;
SELECT 1;
1
1
auto_increment with partition
connection master_1;
connection slave1_1;
connection master_1;
DROP TABLE IF EXISTS t1, t2;
CREATE TABLE t1 (
id int(11) NOT NULL AUTO_INCREMENT,
PRIMARY KEY (id)
) MASTER_1_ENGINE MASTER_1_CHARSET MASTER_1_COMMENT_INCREMENT1_P_1
CREATE TABLE t2 (
id int(11) NOT NULL AUTO_INCREMENT,
PRIMARY KEY (id)
) MASTER_1_ENGINE MASTER_1_CHARSET MASTER_1_COMMENT_INCREMENT1_P_1
CREATE TABLE t1 (
id int(11) NOT NULL AUTO_INCREMENT,
PRIMARY KEY (id)
) SLAVE1_1_ENGINE SLAVE1_1_CHARSET SLAVE1_1_COMMENT_INCREMENT1_P_1
CREATE TABLE t2 (
id int(11) NOT NULL AUTO_INCREMENT,
PRIMARY KEY (id)
) SLAVE1_1_ENGINE SLAVE1_1_CHARSET SLAVE1_1_COMMENT_INCREMENT1_P_1
INSERT INTO t1 () VALUES ();
SELECT LAST_INSERT_ID();
LAST_INSERT_ID()
12
SELECT MAX(id) FROM t1;
MAX(id)
12
Warnings:
Warning	1292	Truncated incorrect INTEGER value: ''
INSERT INTO t2 () VALUES ();
SELECT LAST_INSERT_ID();
LAST_INSERT_ID()
29
SELECT MAX(id) FROM t2;
MAX(id)
29
FLUSH TABLES;
SELECT LAST_INSERT_ID();
LAST_INSERT_ID()
29
SELECT * from t1;
id
12
29
INSERT INTO t1 (id) VALUES (null);
SELECT LAST_INSERT_ID();
LAST_INSERT_ID()
46
SELECT MAX(id) FROM t1;
MAX(id)
46
INSERT INTO t2 (id) VALUES (null);
SELECT LAST_INSERT_ID();
LAST_INSERT_ID()
63
SELECT MAX(id) FROM t2;
MAX(id)
63
FLUSH TABLE;
INSERT INTO t1 () VALUES (),(),(),();
SELECT LAST_INSERT_ID();
LAST_INSERT_ID()
80
SELECT id FROM t1 ORDER BY id;
id
12
29
46
63
80
97
114
131
FLUSH TABLE;
INSERT INTO t2 () VALUES (),(),(),();
SELECT LAST_INSERT_ID();
LAST_INSERT_ID()
148
SELECT id FROM t2 ORDER BY id;
id
12
29
46
63
80
97
114
131
148
165
182
199
TRUNCATE TABLE t1;
TRUNCATE TABLE t2;
INSERT INTO t1 () VALUES (),(),(),();
SELECT LAST_INSERT_ID();
LAST_INSERT_ID()
12
SELECT id FROM t1 ORDER BY id;
id
12
29
46
63
INSERT INTO t2 () VALUES (),(),(),();
SELECT LAST_INSERT_ID();
LAST_INSERT_ID()
80
SELECT id FROM t2 ORDER BY id;
id
12
29
46
63
80
97
114
131
SET INSERT_ID=5000;
FLUSH TABLE;
INSERT INTO t1 () VALUES ();
SELECT LAST_INSERT_ID();
LAST_INSERT_ID()
5000
SELECT MAX(id) FROM t1;
MAX(id)
5000
INSERT INTO t2 () VALUES ();
SELECT LAST_INSERT_ID();
LAST_INSERT_ID()
5010
SELECT MAX(id) FROM t2;
MAX(id)
5010
INSERT INTO t1 (id) VALUES (10000);
SELECT LAST_INSERT_ID();
LAST_INSERT_ID()
5010
SELECT MAX(id) FROM t1;
MAX(id)
10000
INSERT INTO t2 (id) VALUES (20000);
SELECT LAST_INSERT_ID();
LAST_INSERT_ID()
5010
SELECT MAX(id) FROM t2;
MAX(id)
20000
connection slave1_1;
SELECT id FROM t1 ORDER BY id;
id
12
13
14
15
5000
10000
connection master_1;

deinit
connection master_1;
DROP DATABASE IF EXISTS auto_test_local;
connection slave1_1;
DROP DATABASE IF EXISTS auto_test_local;
connection child2_1;
DROP DATABASE IF EXISTS auto_test_remote;
connection child2_2;
DROP DATABASE IF EXISTS auto_test_remote2;
for slave1_1
for master_1
for child2
child2_1
child2_2
child2_3
for child3
child3_1
child3_2
child3_3

end of test
