for master_1
for child2
child2_1
child2_2
child2_3
for child3
child3_1
child3_2
child3_3

drop and create databases
connection master_1;
DROP DATABASE IF EXISTS auto_test_local;
SET @old_log_output = @@global.log_output;
SET @old_log_output1 = @@global.spider_general_log;
SET GLOBAL log_output = 'TABLE,FILE';
set global spider_general_log=1;
TRUNCATE TABLE mysql.general_log;
CREATE DATABASE auto_test_local;
USE auto_test_local;
connection child2_1;
DROP DATABASE IF EXISTS auto_test_remote;
CREATE DATABASE auto_test_remote;
USE auto_test_remote;
connection child2_2;
DROP DATABASE IF EXISTS auto_test_remote_2;
CREATE DATABASE auto_test_remote_2;
USE auto_test_remote_2;

create table for child
connection child2_1;
CHILD2_1_DROP_TABLES
CHILD2_1_CREATE_TABLES
SET @old_log_output = @@global.log_output;
TRUNCATE TABLE mysql.general_log;
set global log_output = 'TABLE';
connection child2_2;
CHILD2_2_DROP_TABLES
CHILD2_2_CREATE_TABLES
SET @old_log_output = @@global.log_output;
TRUNCATE TABLE mysql.general_log;
set global log_output = 'TABLE';

create table for master
connection master_1;
DROP TABLE IF EXISTS ta_l;
CREATE TABLE tbl_a (
`id` int(8) NOT NULL AUTO_INCREMENT,
`t` int(11) NOT NULL DEFAULT '0',
`name` char(24) DEFAULT NULL,
PRIMARY KEY (`id`)
) ENGINE=Spider  PARTITION BY LIST (crc32(id)%2)
(PARTITION pt0 VALUES IN (0) COMMENT = 'database "auto_test_remote", table "tbl_a", srv "s_2_1",aim "0"',
PARTITION pt1 VALUES IN (1) COMMENT = 'database "auto_test_remote_2", table "tbl_a", srv "s_2_2",aim "1"');
TRUNCATE TABLE mysql.general_log;
connection child2_1;
TRUNCATE TABLE mysql.general_log;
connection child2_2;
TRUNCATE TABLE mysql.general_log;
connection master_1;
set autocommit=OFF;
begin;
insert into tbl_a(t,name) values(1,"alex");
insert into tbl_a(t,name) values(2,"ivy");
commit;
SET @old_spider_ignore_autocommit = @@global.spider_ignore_autocommit;
SET GLOBAL spider_ignore_autocommit=ON;
insert into tbl_a(t,name) values(3,"tom");
insert into tbl_a(t,name) values(4,"jam");
SELECT argument FROM mysql.general_log;
argument
set autocommit=OFF
begin
insert into tbl_a(t,name) values(1,"alex")
mysql localhost set session transaction isolation level repeatable read;set session autocommit = 0;set session time_zone = 'SYSTEM';start transaction
mysql localhost select `id`,`t`,`name` from `auto_test_remote`.`tbl_a` order by `id` desc limit 1 for update
mysql localhost set session transaction isolation level repeatable read;set session autocommit = 0;set session time_zone = 'SYSTEM';start transaction
mysql localhost select `id`,`t`,`name` from `auto_test_remote_2`.`tbl_a` order by `id` desc limit 1 for update
mysql localhost insert into `auto_test_remote_2`.`tbl_a`(`id`,`t`,`name`)values(1,1,'alex')
insert into tbl_a(t,name) values(2,"ivy")
mysql localhost insert into `auto_test_remote_2`.`tbl_a`(`id`,`t`,`name`)values(18,2,'ivy')
commit
mysql localhost commit
mysql localhost commit
SET @old_spider_ignore_autocommit = @@global.spider_ignore_autocommit
SET GLOBAL spider_ignore_autocommit=ON
insert into tbl_a(t,name) values(3,"tom")
mysql localhost set session autocommit = 1
mysql localhost insert into `auto_test_remote`.`tbl_a`(`id`,`t`,`name`)values(35,3,'tom')
insert into tbl_a(t,name) values(4,"jam")
mysql localhost set session autocommit = 1
mysql localhost insert into `auto_test_remote_2`.`tbl_a`(`id`,`t`,`name`)values(52,4,'jam')
SELECT argument FROM mysql.general_log
connection child2_1;
SELECT argument FROM mysql.general_log;
argument
root@localhost as anonymous on 
set session transaction isolation level repeatable read;set session autocommit = 0;set session time_zone = 'SYSTEM';start transaction
SET NAMES latin1
auto_test_remote
select `id`,`t`,`name` from `auto_test_remote`.`tbl_a` order by `id` desc limit 1 for update
commit
set session autocommit = 1
insert into `auto_test_remote`.`tbl_a`(`id`,`t`,`name`)values(35,3,'tom')
SELECT argument FROM mysql.general_log
connection child2_2;
SELECT argument FROM mysql.general_log;
argument
root@localhost as anonymous on 
set session transaction isolation level repeatable read;set session autocommit = 0;set session time_zone = 'SYSTEM';start transaction
SET NAMES latin1
auto_test_remote_2
select `id`,`t`,`name` from `auto_test_remote_2`.`tbl_a` order by `id` desc limit 1 for update
insert into `auto_test_remote_2`.`tbl_a`(`id`,`t`,`name`)values(1,1,'alex')
insert into `auto_test_remote_2`.`tbl_a`(`id`,`t`,`name`)values(18,2,'ivy')
commit
set session autocommit = 1
insert into `auto_test_remote_2`.`tbl_a`(`id`,`t`,`name`)values(52,4,'jam')
SELECT argument FROM mysql.general_log

deinit
connection master_1;
DROP DATABASE IF EXISTS auto_test_local;
SET GLOBAL spider_ignore_autocommit = @old_spider_ignore_autocommit;
SET GLOBAL log_output = @old_log_output;
SET GLOBAL spider_general_log = @old_log_output1;
connection child2_1;
DROP DATABASE IF EXISTS auto_test_remote;
SET GLOBAL log_output = @old_log_output;
connection child2_2;
DROP DATABASE IF EXISTS auto_test_remote_2;
SET GLOBAL log_output = @old_log_output;
for master_1
for child2
child2_1
child2_2
child2_3
for child3
child3_1
child3_2
child3_3

end of test
