for master_1
for child2
child2_1
child2_2
child2_3
for child3
child3_1
child3_2
child3_3

drop and create databases
connection master_1;
DROP DATABASE IF EXISTS auto_test_local;
SET @old_log_output = @@global.log_output;
SET @old_log_output1 = @@global.spider_general_log;
SET GLOBAL log_output = 'TABLE,FILE';
set global spider_general_log=1;
TRUNCATE TABLE mysql.general_log;
CREATE DATABASE auto_test_local;
USE auto_test_local;
connection child2_1;
DROP DATABASE IF EXISTS auto_test_remote;
CREATE DATABASE auto_test_remote;
USE auto_test_remote;
connection child2_2;
DROP DATABASE IF EXISTS auto_test_remote_2;
CREATE DATABASE auto_test_remote_2;
USE auto_test_remote_2;

create table for child
connection child2_1;
DROP TABLE IF EXISTS tbl_a;
DROP TABLE IF EXISTS tbl_a1;
CREATE TABLE tbl_a (
`id` int(11) NOT NULL,
`c1` int(11) DEFAULT 0,
PRIMARY KEY (`id`)
);
CREATE TABLE tbl_a1 (
`id` int(11) NOT NULL,
PRIMARY KEY (`id`)
);
SET @old_log_output = @@global.log_output;
TRUNCATE TABLE mysql.general_log;
set global log_output = 'TABLE';
connection child2_2;
DROP TABLE IF EXISTS tbl_a;
DROP TABLE IF EXISTS tbl_a1;
CREATE TABLE tbl_a (
`id` int(11) NOT NULL,
`c1` int(11) DEFAULT 0,
PRIMARY KEY (`id`)
);
CREATE TABLE tbl_a1 (
`id` int(11) NOT NULL,
PRIMARY KEY (`id`)
);
SET @old_log_output = @@global.log_output;
TRUNCATE TABLE mysql.general_log;
set global log_output = 'TABLE';

create table for master
connection master_1;
DROP TABLE IF EXISTS ta_l;
CREATE TABLE tbl_a (
`id` int(11) NOT NULL,
`c1` int(11) DEFAULT 0,
PRIMARY KEY (`id`)
)ENGINE=SPIDER
PARTITION BY LIST (crc32(id)%2)
(PARTITION pt0 VALUES IN (0) COMMENT = 'database "auto_test_remote", table "tbl_a", srv "s_2_1",aim "0"',
PARTITION pt1 VALUES IN (1) COMMENT = 'database "auto_test_remote_2", table "tbl_a", srv "s_2_2",aim "1"');
CREATE TABLE tbl_a1 (
`id` int(11) NOT NULL,
PRIMARY KEY (`id`)
)ENGINE=SPIDER
PARTITION BY LIST (crc32(id)%2)
(PARTITION pt0 VALUES IN (0) COMMENT = 'database "auto_test_remote", table "tbl_a1", srv "s_2_1",aim "0"',
PARTITION pt1 VALUES IN (1) COMMENT = 'database "auto_test_remote_2", table "tbl_a1", srv "s_2_2",aim "1"');
insert into tbl_a(id,c1) values(1,1);
insert into tbl_a(id,c1) values(600,600);
insert into tbl_a(id,c1) values(1600,1600);
insert into tbl_a1(id) values(1);
set @i = 1;
insert into tbl_a1(id) select @i:=@i+1 from tbl_a1;
insert into tbl_a1(id) select @i:=@i+1 from tbl_a1;
insert into tbl_a1(id) select @i:=@i+1 from tbl_a1;
insert into tbl_a1(id) select @i:=@i+1 from tbl_a1;
insert into tbl_a1(id) select @i:=@i+1 from tbl_a1;
insert into tbl_a1(id) select @i:=@i+1 from tbl_a1;
insert into tbl_a1(id) select @i:=@i+1 from tbl_a1;
insert into tbl_a1(id) select @i:=@i+1 from tbl_a1;
insert into tbl_a1(id) select @i:=@i+1 from tbl_a1;
insert into tbl_a1(id) select @i:=@i+1 from tbl_a1;
TRUNCATE TABLE mysql.general_log;
connection child2_1;
TRUNCATE TABLE mysql.general_log;
connection child2_2;
TRUNCATE TABLE mysql.general_log;
select * from tbl_a where id in (select id from tbl_a1);
id	c1
1	1
600	600

test for master
SELECT argument FROM mysql.general_log;
argument
select * from tbl_a where id in (select id from tbl_a1)
SELECT argument FROM mysql.general_log
connection child2_1;
SELECT argument FROM mysql.general_log;
argument
SELECT argument FROM mysql.general_log
connection child2_2;
SELECT argument FROM mysql.general_log;
argument
select * from tbl_a where id in (select id from tbl_a1)
SELECT argument FROM mysql.general_log
SELECT argument FROM mysql.general_log

deinit
connection master_1;
DROP DATABASE IF EXISTS auto_test_local;
SET GLOBAL log_output = @old_log_output;
SET GLOBAL spider_general_log = @old_log_output1;
connection child2_1;
DROP DATABASE IF EXISTS auto_test_remote;
SET GLOBAL log_output = @old_log_output;
connection child2_2;
DROP DATABASE IF EXISTS auto_test_remote_2;
SET GLOBAL log_output = @old_log_output;
for master_1
for child2
child2_1
child2_2
child2_3
for child3
child3_1
child3_2
child3_3

end of test
